title,start_year,end_year
#differentnotless,1,1
(Un)Well,1,1
100 Humans,1,1
100 días para enamorarnos,1,1
100% Hotter,1,1
100-man no Inochi no Ue ni Ore wa Tatte Iru,1,1
12 Monkeys,1,1
13 Geboden,1,1
13 Reasons Why,1,1
1899,1,1
1994,1,1
21 Sarfarosh Saragarhi 1897,1,1
21 Thunder,1,1
3%,1,1
3Below: Tales of Arcadia,1,1
3rd Rock from the Sun,1,1
44 Gatti,1,1
50M2,1,1
7 Days Out,1,1
72 Dangerous Animals - Asia,1,1
7Seeds,1,1
800 metros,1,1
A Love So Beautiful,1,1
A Martfüi Rém - A Sorozat,1,1
A Series of Unfortunate Events,1,1
A Suitable Boy,1,1
A Taiwanese Tale of Two Cities,1,1
A Tale Dark & Grimm,1,1
A Thousand Goodnights,1,1
A Toca,1,1
A Year in Space,1,1
A.N.T. Farm,1,1
Abby Hatcher,1,1
Abla Fahita: Drama Queen,1,1
Abstract: The Art of Design,1,1
Absurd Planet,1,1
Accidentally in Love,1,1
"Ada Twist, Scientist",1,1
Adventure Time,1,1
Advokaten,1,1
Afflicted,1,1
After Life,1,1
After Trek,1,1
Age of Samurai: Battle for Japan,1,1
Agent,1,1
Agents of S.H.I.E.L.D.,1,1
Aggressive Retsuko,1,1
Aggretsuko,1,1
Ahiru no Sora,1,1
Ai hui lai,1,1
Ailiseu,1,1
Ainori Love Wagon: African Journey,1,1
Ainori Reboot,1,1
Ainori: Asian Journey,1,1
Ajin,1,1
Akbar Birbal,1,1
Al Hayba,1,1
Alex,1,1
Alexa & Katie,1,1
Algoissjiman,1,1
Alhambeura Goongjeonui Chooeok,1,1
Alice in Borderland,1,1
Alien TV,1,1
All Hail King Julien,1,1
All on the Line,1,1
Alma,1,1
Alphablocks,1,1
Alta mar,1,1
Altered Carbon,1,1
Alvinnn!!! And the Chipmunks,1,1
Amar y Vivir,1,1
Amazing Hotels: Life Beyond the Lobby,1,1
Amazing Interiors,1,1
American Crime Story,1,1
American Experience,1,1
American Horror Story,1,1
American Masters,1,1
American Vandal,1,1
Amo,1,1
Amor con fianza,1,1
Andes Mágicos,1,1
Ang probinsyano,1,1
Angel 'n' Devil,1,1
Angkeumhan Dolshingnyeo,1,1
Angry Birds Stella,1,1
Angry Birds Toons,1,1
Animal Kingdom,1,1
Anitta: Made in Honório,1,1
Anjaan: Special Crimes Unit,1,1
Anne,1,1
Annyeong? Naya!,1,1
Another Life,1,1
Answer for Heaven,1,1
Arcane,1,1
Archer,1,1
Archibald's Next Big Thing,1,1
Are You the One?,1,1
Areumdaun Sesang,1,1
Arifureta Shokugyou de Sekai Saikyou,1,1
Army of the Dead: Lost Vegas,1,1
Arrested Development,1,1
Arrow,1,1
Art of Flight: The Series,1,1
Aseudal Yeondaegi,1,1
Ash vs Evil Dead,1,1
Ask 101,1,1
Ask the Doctor,1,1
Ask the StoryBots,1,1
Ask-i Memnu,1,1
Asktan Kaçilmaz,1,1
Asobi Asobase,1,1
Asukô mâchi: Asuka kôgyô kôkô monogatari,1,1
Atypical,1,1
Au service de la France,1,1
Aunty Donna's Big Ol' House of Fun,1,1
Avatar: The Last Airbender,1,1
Avlu,1,1
Awake: The Million Dollar Game,1,1
Axis Mundi,1,1
B: The Beginning,1,1
BG: Shinpen keigonin,1,1
Babies,1,1
Baby,1,1
Baby Ballroom,1,1
Back With the Ex,1,1
Bad Blood,1,1
Bad Boy Billionaires: India,1,1
Bad Papa,1,1
Bake Squad,1,1
Baki,1,1
Bakugan: Battle Planet,1,1
Bangkok Breaking,1,1
Bangkok Love Stories: Hey You,1,1
Bangkok Love Stories: Innocence,1,1
Bangkok Love Stories: Objects of Affection,1,1
Bangkok Love Stories: Plead,1,1
Barami Boonda,1,1
Barangay 143,1,1
Barbarians,1,1
Barbie Dreamhouse Adventures,1,1
Barbie: Life in the Dreamhouse,1,1
Bard of Blood,1,1
Basketball or Nothing,1,1
Bates Motel,1,1
Battle Kitty,1,1
Battlefish,1,1
Beastars,1,1
Beat Bugs,1,1
Becoming Champions,1,1
Bee & Puppycat: Lazy in Space,1,1
Bee and PuppyCat,1,1
Being Human,1,1
Below Deck,1,1
Below Deck Mediterranean,1,1
Ben X Jim,1,1
Bendo,1,1
Benvinguts a la família,1,1
Beruseruku,1,1
Best Leftovers Ever!,1,1
Betaal,1,1
Better Call Saul,1,1
Betty en NY,1,1
Between,1,1
Beyblade Burst,1,1
Bhaag Beanie Bhaag,1,1
Bienvenidos a Edén,1,1
"Big Dreams, Small Spaces",1,1
Big Mouth,1,1
Big Timber,1,1
Bill Nye Saves the World,1,1
Billions,1,1
Bimilui Soop,1,1
Bing-ui,1,1
Binsenjo,1,1
Biohackers,1,1
Bir Baskadir,1,1
Bitten,1,1
Bitter Daisies,1,1
Black Clover,1,1
Black Ink Crew,1,1
Black Lightning,1,1
Black Mirror,1,1
Black Sails,1,1
Black Space,1,1
Black Summer,1,1
Bleach: Burîchi,1,1
Bling Empire,1,1
Blood & Water,1,1
Blood of Zeus,1,1
Bloodline,1,1
Bloodride,1,1
Bloom Into You,1,1
Blown Away,1,1
Blue Bloods,1,1
Blue Mountain State,1,1
BoJack Horseman,1,1
Boca a Boca,1,1
Bogdan Boner: Egzorcysta,1,1
Boiseu,1,1
Bojwagwan,1,1
Boku no hîrô akademia,1,1
Boku wa tomodachi ga sukunai,1,1
"Bom Dia, Verônica",1,1
Bombam,1,1
Bombay Begums,1,1
Bonding,1,1
Bonusfamiljen,1,1
Booba,1,1
Booba: Food Puzzle,1,1
Bookmarks: Celebrating Black Voices,1,1
Border Security: America's Front Line,1,1
Border: Keishichô Sôsa Ikka Satsujinhan Sôsa Dai 4-gakkari,1,1
Borderline,1,1
Borgen,1,1
Borgia,1,1
Boss,1,1
Bottersnikes & Gumbles,1,1
Brainchild,1,1
Braxton Family Values,1,1
Bread Barbershop,1,1
"Breakfast, Lunch & Dinner",1,1
Breaking Bad,1,1
Brews Brothers,1,1
Bridgerton,1,1
Broadchurch,1,1
Broken,1,1
Brooklyn Nine-Nine,1,1
Buddi,1,1
Bulyaseong,1,1
Bumping Mics with Jeff Ross & Dave Attell,1,1
Bungou Stray Dogs,1,1
Buried by the Bernards,1,1
Busted! I Know Who You Are!,1,1
Byeol-e-seo on geu-dae,1,1
CAT. 8,1,1
CCTV: Caught on Camera,1,1
CSI: Crime Scene Investigation,1,1
Café dans le temps,1,1
Californication,1,1
Canine Intervention,1,1
Cannon Busters,1,1
Cannot Write,1,1
Cap Kakumei Bottleman,1,1
Capitani,1,1
Captive,1,1
Car Masters: Rust to Riches,1,1
Care Bears and Cousins,1,1
Carmen Sandiego,1,1
Casi Feliz,1,1
Castle & Castle,1,1
Castle Rock,1,1
Castlevania,1,1
Cat People,1,1
Caïd,1,1
Cek Toko Sebelah: The Series,1,1
Centaurworld,1,1
Chappelle's Show,1,1
Charité,1,1
Charlie's Colorforms City,1,1
Chasing Cameron,1,1
Cheers,1,1
Chef's Table,1,1
Chef's Table: BBQ,1,1
Chef's Table: France,1,1
Chelsea,1,1
Cheongchunsidae,1,1
Chesapeake Shores,1,1
Chewing Gum,1,1
Chhota Bheem,1,1
Chiamatemi Francesco,1,1
Chicago Party Aunt,1,1
Chichipatos,1,1
Chicken Soup for the Soul's Being Dad,1,1
Chilling Adventures of Sabrina,1,1
Chip and Potato,1,1
Chocolate,1,1
Chomyeone Saranghamnida,1,1
Chosen,1,1
Chronicles of a Champion Golfer,1,1
Chulchulhan yeoja,1,1
Cidade Invisível,1,1
Cielo Grande,1,1
Cirque du Soleil: Luna Petunia,1,1
Citrus,1,1
City of Ghosts,1,1
Clarence,1,1
Cleo & Cuquin,1,1
Close Enough,1,1
Cloudy with a Chance of Meatballs,1,1
Club de Cuervos,1,1
CoComelon Lane,1,1
Coach Snoop,1,1
Cobra Kai,1,1
Cocomelon,1,1
Cocomong,1,1
Code Lyoko,1,1
Coisa Mais Linda,1,1
Colin in Black & White,1,1
College Romance,1,1
Colony,1,1
Comedians in Cars Getting Coffee,1,1
Comedians of the World,1,1
Comedy Premium League,1,1
Community,1,1
Como Pop,1,1
Connected: The Hidden Science of Everything,1,1
Conspiracy of Silence,1,1
Continuum,1,1
Control Z,1,1
Cooked with Cannabis,1,1
Cooking on High,1,1
Cooking with Paris,1,1
Country Ever After,1,1
Cowboy Bebop,1,1
Craig Ross Jr.'s Monogamy,1,1
Crazy Delicious,1,1
Crazy Ex-Girlfriend,1,1
"Crazy, Lovely, Cool",1,1
Creator's File: Gold,1,1
Creeped Out,1,1
Cricket Fever: Mumbai Indians,1,1
Criminal: France,1,1
Criminal: Germany,1,1
Criminal: Spain,1,1
Criminal: UK,1,1
Criminals: Caught on Camera,1,1
Crossing Lines,1,1
Cuckoo,1,1
Cupcake & Dino: General Services,1,1
Cyberpunk: Edgerunners,1,1
Cyborg 009: Call of Justice,1,1
D.P.,1,1
DC Super Friends,1,1
DC Super Hero Girls,1,1
Dakteo Peurijeuneo,1,1
Dale Gas,1,1
Damnation,1,1
Dance & Sing With True,1,1
Danger Mouse,1,1
Daniel Spellbound,1,1
Dare Me,1,1
Daredevil,1,1
Dark,1,1
Dark Desire,1,1
Dark Net,1,1
Darwin's Game,1,1
Das letzte Wort,1,1
Dash & Lily,1,1
Dating Around,1,1
Daughters of Destiny,1,1
Dawn of the Croods,1,1
Dawson's Creek,1,1
Days of Disaster,1,1
De Twaalf,1,1
DeMarcus Family Rules,1,1
Dead Places,1,1
Dead to Me,1,1
DeadEndia,1,1
Deadly Class,1,1
Deaf U,1,1
Dear White People,1,1
Death Note: Desu nôto,1,1
Death by Magic,1,1
Degrassi: Next Class,1,1
Delhi Crime,1,1
Demon Slayer: Kimetsu No Yaiba,1,1
Derek,1,1
Derren Brown: Apocalypse,1,1
Derry Girls,1,1
Desenfrenadas,1,1
Designated Survivor,1,1
Det som göms i snö,1,1
Detention,1,1
Devils Line,1,1
Dexter,1,1
Di-eo Ma-i Peu-ren-jeu,1,1
Diablero,1,1
Diagnosis,1,1
Diamond City,1,1
Digimon Adventure,1,1
Dino Girl Gauko,1,1
Dinotrux,1,1
Dinotrux Supercharged,1,1
Dirilis: Ertugrul,1,1
Dirk Gently's Holistic Detective Agency,1,1
Dirty John,1,1
Dirty Lines,1,1
Dirty Money,1,1
Disenchantment,1,1
Disjointed,1,1
Distrito Salvaje,1,1
Dive Club,1,1
Doble Kara,1,1
Doc Martin,1,1
Doctor X ~ Gekai Daimon Michiko ~,1,1
Dogs,1,1
Dogs in Space,1,1
Dogs of Berlin,1,1
Dokutaa Sutoon,1,1
Dolly Parton's Heartstrings,1,1
Don Quijote de la Láctea,1,1
Don't Trust the B---- in Apartment 23,1,1
Don't Watch This,1,1
Don't be the First One!,1,1
Don-kkot,1,1
Dope,1,1
Dorei-ku The Animation,1,1
Dorohedoro,1,1
Doshinamnyeoui Sarangbeob,1,1
Dota: Dragon's Blood,1,1
Dou Yu,1,1
Douche Bros,1,1
Down to Earth with Zac Efron,1,1
Downton Abbey,1,1
Drag Race: Untucked!,1,1
Dragon's Dogma,1,1
Dragons: Race to the Edge,1,1
Dragons: Rescue Riders,1,1
Dragons: Riders of Berk,1,1
Dream Home Makeover,1,1
Dressing Funny,1,1
Drifting Dragons,1,1
Drop Dead Diva,1,1
Droppin' Cash: Los Angeles,1,1
Drug Lords,1,1
Dynasty,1,1
Dérapages,1,1
Eastsiders,1,1
Easy,1,1
Eden,1,1
Edens Zero,1,1
Eizouken ni wa Te wo Dasu na!,1,1
Ejen Ali,1,1
El Cartel de los Sapos - El Origen,1,1
El Chapo,1,1
El Club,1,1
El Final del Paraíso,1,1
El Recluso,1,1
El Reino,1,1
El Vato,1,1
El desconocido: la historia de El Cholo Adrián,1,1
El dragón,1,1
El día menos pensado,1,1
El marginal,1,1
El ministerio del tiempo,1,1
El tiempo entre costuras,1,1
El vecino,1,1
Elementary,1,1
Emergency,1,1
Emergency Interrogation Room,1,1
Emily in Paris,1,1
Emily's Wonder Lab,1,1
Endless Night,1,1
Engineering Girls,1,1
Enterprise,1,1
Entertainment Tonight Canada,1,1
Equinox,1,1
Eromanga Sensei,1,1
Eulachacha Waikiki,1,1
Eung-dab-ha-ra 1988,1,1
Eung-dab-ha-ra 1997,1,1
Ever After High,1,1
Everything Will be Fine,1,1
Evil,1,1
Exatlon Challenge,1,1
Explained,1,1
Extreme Engagement,1,1
Ezel,1,1
F Is for Family,1,1
Fabulous Lives of Bollywood Wives,1,1
Fairy Tail: Fearî teiru,1,1
Fake or Fortune?,1,1
Falsa Identidad,1,1
Family Business,1,1
Family Guy,1,1
Family Reunion,1,1
Fargo,1,1
Fary: Hexagone,1,1
Fast & Furious Spy Racers,1,1
Fastest Car,1,1
Fate/Grand Order: Zettai Maju Sensen Babylonia,1,1
Fate/Zero,1,1
Fate/stay night: Unlimited Blade Works,1,1
Fate: The Winx Saga,1,1
Fatma,1,1
Fauda,1,1
Fawlty Towers,1,1
Fedeltà,1,1
Feel Good,1,1
Feels Like Ishq,1,1
Fi,1,1
Fifty,1,1
Fightworld,1,1
Final Space,1,1
Find Me in Your Memory,1,1
Fire Force,1,1
Firefly Lane,1,1
First Team: Juventus,1,1
First and Last,1,1
Flaked,1,1
Flavorful Origins,1,1
Flinch,1,1
Flipos,1,1
Floor Is Lava,1,1
Flowering Heart,1,1
Flowers,1,1
Formula 1: Drive to Survive,1,1
Freaks and Geeks,1,1
Free Rein,1,1
Free!,1,1
Freedom,1,1
Frequency,1,1
Fresh Meat,1,1
"Fresh, Fried and Crispy",1,1
Freud,1,1
Friends,1,1
Friends from College,1,1
From,1,1
From Dusk Till Dawn: The Series,1,1
Frontera Verde,1,1
Frontier,1,1
Frozen Planet,1,1
Fruits Basket,1,1
Fukrey Boyzzz,1,1
Full House,1,1
Fuller House,1,1
Further Tales of the City,1,1
Futmalls,1,1
GLOW,1,1
GTO,1,1
Gabby's Dollhouse,1,1
Gabru: Hip Hop Ke Shehzaade,1,1
Gaetmaeul Chachacha,1,1
Gajokggiri Wae Irae,1,1
Gakusen toshi asterisk,1,1
Game On! A Comedy Crossover Event,1,1
Gamers!,1,1
"Gate: Jieitai Kanochi nite, Kaku Tatakaeri",1,1
Gaya sa pelikula,1,1
Gekkan Shojo Nozaki-kun,1,1
Generazione 56K,1,1
Gentefied,1,1
Get Even,1,1
Get Organized with the Home Edit,1,1
Geullichi,1,1
Ghost Wars,1,1
Ghost in the Shell SAC_2045,1,1
Gigantosaurus,1,1
Gilmore Girls,1,1
Ginny & Georgia,1,1
Girl From Nowhere,1,1
Girls Hostel,1,1
Girls Incarcerated: Young and Locked Up,1,1
Girls Who Like Boys Who Like Boys,1,1
Giruti kuraun: Guilty Crown,1,1
Glacé,1,1
Glee,1,1
Glitch,1,1
Glitch Techs,1,1
Glow Up: Britain's Next Make-Up Star,1,1
Glória,1,1
Go Go Squid!,1,1
Go Jetters,1,1
Go Off with Jess & Julissa,1,1
Go! Go! Cory Carson,1,1
"Go, Dog. Go!",1,1
Go-Toubun no Hanayome,1,1
Goblin Slayer,1,1
God Eater,1,1
Goedam,1,1
Gojira shingyura pointo,1,1
Gokushufudo,1,1
Goo-hae-jwo,1,1
Good Girls,1,1
Good Morning-Call: Guddo môningu kôru,1,1
Good Witch,1,1
Goosebumps,1,1
Gossip Girl,1,1
Gotham,1,1
Grace and Frankie,1,1
Grand Designs,1,1
Great News,1,1
Great Pretender,1,1
Green Beret's Guide to Surviving the Apocalypse,1,1
Green Door,1,1
Green Eggs and Ham,1,1
Greenhouse Academy,1,1
Greenleaf,1,1
Grenseland,1,1
Grey's Anatomy,1,1
Grimm,1,1
Grizzy and the Lemmings,1,1
Gumbeobnamnyeo,1,1
Gumihodyeon,1,1
Gungmin Yeoreobun,1,1
Guru Aur Bhole,1,1
"Gwaenchanhah, Sarangiya",1,1
Gwimul,1,1
Gyeongiroun Somun,1,1
Génération Q,1,1
H,1,1
H2O: Just Add Water,1,1
Hache,1,1
Hagane no renkinjutsushi,1,1
Hai Sukoa Garu,1,1
Haikyuu!!,1,1
Hakyu Hoshin Engi,1,1
Hanappunin Naepyeon,1,1
Hanebado!,1,1
Hanma Baki: Son of Ogre,1,1
Hannah Montana,1,1
Hannibal,1,1
Hanyô no Yashahime,1,1
Hap and Leonard,1,1
Happy Jail,1,1
Happy Valley,1,1
Happy!,1,1
Hard Cell,1,1
Hardy Bucks,1,1
Harry & Bunnie,1,1
Harvey Street Kids,1,1
Hashoter Hatov,1,1
Hasmukh,1,1
Hataraku Saibo Black,1,1
Hataraku Saibou,1,1
Hatchimals: Adventures in Hatchtopia,1,1
Haters Back Off!,1,1
Haunted,1,1
Haunted: Latin America,1,1
Hawaii Five-0,1,1
He-Man and the Masters of the Universe,1,1
Heart of Invictus,1,1
Heartbreak High,2,2
Heartland,1,1
Heaven Official's Blessing,1,1
Heaven's Wedding Gown,1,1
Heavy Rescue: 401,1,1
Heist,1,1
Hell on Wheels,1,1
Hell's Kitchen,1,1
Hello Ninja,1,1
Hellsing Ultimate,1,1
Hemlock Grove,1,1
Henry Danger,1,1
Here to Heart,1,1
Hero Mask,1,1
Herushingu,1,1
Heukgisa,1,1
Hey Duggee,1,1
"Hi Bye, Mama!",1,1
Hi-5 House,1,1
High School DxD,1,1
High-Rise Invasion,1,1
Higurashi: When They Cry - GOU,1,1
Hilda,1,1
Hip-Hop Evolution,1,1
Historia de un Crimen: Colosio,1,1
Historia de un clan,1,1
Historical Roasts,1,1
History 101,1,1
History of Swear Words,1,1
History's Greatest Hoaxes,1,1
Hit and Run,1,1
Hiyama Kentarô no ninshin,1,1
Holiday Home Makeover with Mr. Christmas,1,1
Hollywood Darlings,1,1
Hollywood Insider,1,1
Home Game,1,1
Home for Christmas,1,1
Home: Adventures with Tip & Oh,1,1
Homeland,1,1
Homemade,1,1
Hot Date,1,1
Hotel Transylvania,1,1
House of Cards,1,1
House of Secrets: The Burari Deaths,1,1
How I Met Your Mother,1,1
How Many Kilograms are the Dumbbells You Lift?,1,1
How to Become a Tyrant,1,1
How to Get Away with Murder,1,1
How to Ruin Christmas: The Wedding,1,1
How to Sell Drugs Online (Fast),1,1
Human: The World Within,1,1
Hwanggeumbit Nae Insaeng,1,1
Hwanghooui Poomkyeok,1,1
Hwayugi,1,1
Hyena,1,1
Hyperdrive,1,1
Hôzuki no Reitetsu,1,1
I Am a Killer,1,1
I Hear You,1,1
I Think You Should Leave with Tim Robinson,1,1
I [Heart] Arlo,1,1
I'm Home,1,1
I'm with the Band: Nasty Cherry,1,1
Il processo,1,1
Il était une seconde fois,1,1
Ildan Ddeugeobge Chungsohara,1,1
Immigration Nation,1,1
Impractical Jokers,1,1
In Family We Trust,1,1
InMates,1,1
Indian Matchmaking,1,1
Ingobernable,1,1
Ingress: The Animation,1,1
Insatiable,1,1
Inside Job,1,1
Inside the Criminal Mind,1,1
Inside the Real Narcos,1,1
Inside the World's Toughest Prisons,1,1
Inspector Gadget,1,1
Inst@famous,1,1
Instant Hotel,1,1
Interior Design Masters,1,1
Into the Badlands,1,1
Into the Night,1,1
Inuyasha,1,1
Inventing Anna,1,1
Irmandade,1,1
Iron Fist,1,1
Iron Ladies,1,1
Isekai Mao to Shokan Shojo no Dorei Majutsu,1,1
It's Bruno!,1,1
Itai no wa Iya nano de Bougyoryoku ni Kyokufuri Shitai to Omoimasu,1,1
Izzy's Koala World,1,1
J-Style Trip,1,1
Jack Whitehall: Travels with My Father,1,1
Jailbirds,1,1
Jamtara: Sabka Number Ayega,1,1
Jane the Virgin,1,1
Jenni Rivera: Mariposa de Barrio,1,1
Jeopardy!,1,1
Jessica Jones,1,1
Jigeum Uri Hakgyoneun,1,1
Jimmy: Ahomitaina honma no hanashi,1,1
Jiok,1,1
Jiva!,1,1
Joahamyeon Ullineun,1,1
Joanna Lumley's Japan,1,1
Johnny Test,1,1
Judge vs. Judge,1,1
Jugar con Fuego,1,1
Jujutsu Kaisen,1,1
Julie and the Phantoms,1,1
Jurassic World: Camp Cretaceous,1,1
Justice: Qalb Al Adala,1,1
K,1,1
Kadokyaputa Sakura,1,1
Kaguya-sama wa kokurasetai ~ Tensai tachi no ren'ai zunô sen ~,1,1
Kajko i Kokosz,1,1
Kakegurui,2,2
Kalifat,1,1
Kami-tachi ni Hirowareta Otoko,1,1
Kara Para Ask,1,1
Karakai Jouzu no Takagi-san,1,1
Karppi,1,1
Karê no uta,1,1
Katla,1,1
Kaze ga tsuyoku fuiteiru,1,1
Kazoops!,1,1
Keeping Up with the Kardashians,1,1
Keizersvrouwen,1,1
Kekkai Sensen,1,1
Kekkon dekinai otoko,1,1
Kemono Jihen,1,1
Kengan Ashura,1,1
Kevin Hart: Don't F**k This Up,1,1
Khaani,1,1
Khan: No. 1 Crime Hunter,1,1
Khozhdenie po mukam,1,1
Ki Hwanghoo,1,1
Kid Cosmic,1,1
Kid-E-Cats,1,1
Kidou Senshi Gundam: Tekketsu no Orphans,1,1
Kidô Senshi Gundam Unicorn,1,1
Kiko,1,1
Killjoys,1,1
Kim's Convenience,1,1
Kingdom,3,2
Kings of Jo'burg,1,1
Kipper,1,1
Kiru ra kiru: KILL la KILL,1,1
Kkondae Intern,1,1
Knightfall,1,1
Kod Adi: Kulüp,1,1
Koi no tsuki,1,1
Kong: King of the Apes,1,1
Kono Oto Tomare!,1,1
Kono subarashii sekai ni shukufuku o!,1,1
Kore wa Zombie desu ka?,1,1
Kotetsujo no Kabaneri,1,1
Kureyon Shinchan,1,1
Kuromukuro,1,1
Kyle XY,1,1
Kôdo giasu - Hangyaku no rurûshu: Code Geass - Lelouch of the Rebellion,1,1
Kôkaku kidôtai: Stand Alone Complex,1,1
L.A.'s Finest,1,1
LEGO Friends: Girls on a Mission,1,1
La Balada de Hugo Sanchez,1,1
La Doña,1,1
La Frecuencia Kirlian,1,1
La Part Du Feu,1,1
La Reina de Indias y el Conquistador,1,1
La casa de las flores,1,1
La casa de papel,1,1
La luna sangre,1,1
La trêve,1,1
La valla,1,1
Lab Rats,1,1
Ladies Up,1,1
Lady Dynamite,1,1
Laipeu,1,1
Larry Charles' Dangerous World of Comedy,1,1
Larva Island,1,1
Las Muñecas de la Mafia (II),1,1
Las chicas del cable,1,1
Las muñecas de la mafia,1,1
Las mágicas historias de Plim Plim,1,1
Last Chance U,1,1
Last Chance U: Basketball,1,1
Last Hope,1,1
Lava Ka Dhaava,1,1
Law School,1,1
Le Coup de Foudre,1,1
Le chalet,1,1
Learning Time with Timmy,1,1
Legends of Tomorrow,1,1
Lego Elves: Secrets of Elvendale,1,1
Lego Friends,1,1
Lego Jurassic World: Legend of Isla Nublar,1,1
Lego: City,1,1
Leila,1,1
Les 7 Vies de Léa,1,1
Les de l'hoquei,1,1
Les rivières pourpres,1,1
Let's Eat,1,1
Leyla ile Mecnun,1,1
Life Unexpected,1,1
Life in Colour,1,1
Life in Our Universe,1,1
Life's Too Short,1,1
Like A Mother,1,1
Lilyhammer,1,1
Limitless,1,1
Line of Duty,1,1
Little Britain,1,1
Little Einsteins,1,1
Little Singham,1,1
Little Things,1,1
Littlest Pet Shop: A World of Our Own,1,1
Liu xing hua yuan,1,1
Living Undocumented,1,1
Living with Yourself,1,1
Llama Llama,1,1
Loaded,1,1
Locke & Key,1,1
Locombians,1,1
LoliRock,1,1
Longmire,1,1
"Los Briceño, una familia todo terreno",1,1
Los herederos de la tierra,1,1
Losers,1,1
Lost & Found Music Studios,1,1
Lost Song,1,1
Lost Tapes,1,1
Lost in Space,1,1
Lostorage incited Wixoss,1,1
Love,1,1
Love & Anarchy,1,1
Love (ft. Marriage & Divorce),1,1
Love Is Blind,1,1
Love Island,1,1
Love Island Australia,1,1
Love Naggers,1,1
Love Sick: The Series,1,1
Love and Redemption,1,1
Love is Blind: After the Altar,1,1
Love is Blind: Brazil,1,1
Love on the Spectrum,1,1
"Love, Death & Robots",1,1
Love/Hate,1,1
Lovesick,1,1
"Luchshe, chem lyudi",1,1
Lucifer,1,1
Lugar de Mulher,1,1
Luis Miguel: La Serie,1,1
Luke Cage,1,1
Luna Nera,1,1
Lupin,1,1
Luther,1,1
M'entends-tu?,1,1
Mad Men,1,1
Madam Secretary,1,1
Made in Mexico,1,1
Madre Solo hay Dos,1,1
Maeumui sori,1,1
Maggie & Bianca: Fashion Friends,1,1
Magic for Humans,1,1
Magic for Humans by Mago Pop,1,1
Magmel of the Sea Blue,1,1
Mahouka koukou no rettousei,1,1
Mai,1,1
Maid,1,1
Majutsushi Orphen Mubouhen,1,1
Making a Murderer,1,1
Mako Mermaids,1,1
Malibu Rescue,1,1
Mama K's Team 4,1,1
Man Down,1,1
Man Like Mobeen,1,1
Manhunt,1,1
Maoyuu Maou Yuusha,1,1
Marcella,1,1
Marching Orders,1,1
Marco Polo,1,1
Marlon,1,1
Marriage or Mortgage,1,1
Married to Medicine,1,1
Marseille,1,1
Masaba Masaba,1,1
Masameer,1,1
Masameer County,1,1
Master of None,1,1
Masters of the Universe: Revelation,1,1
Maya and the Three,1,1
MeatEater,1,1
Medal of Honor,1,1
Medical Police,1,1
Medici,1,1
Meerkat Manor,1,1
Meet the Adebanjos,1,1
Melloga Chejil,1,1
Memorias de Idhún,1,1
Memory Love,1,1
Men Behaving Badly,1,1
Merlí,1,1
Meruhen Medohen,1,1
Messy,1,1
Meteor Garden,1,1
Mexico Diseña,1,1
Middleditch & Schwartz,1,1
Midnight Mass,1,1
Mighty Express,1,1
Mighty Little Bheem,1,1
Mighty Little Bheem: Diwali,1,1
Mighty Little Bheem: Festival of Colors,1,1
Mighty Little Bheem: Kite Festival,1,1
Mighty Morphin Power Rangers,1,1
Millennials,1,1
Million Dollar Beach House,1,1
Million Pound Menu,1,1
Mindhunter,1,1
Mine,1,1
Miniforce X,1,1
Miraculous: Tales of Ladybug & Cat Noir,1,1
Mirai nikki,1,1
Miseuti,1,1
Misfits,1,1
Mismatched,1,1
Miss Fisher's Murder Mysteries,1,1
Mob Psycho 100,1,1
Modern Family,1,1
Modooui Geojitmal,1,1
Moesha,1,1
Molang,1,1
Monarca,1,1
Monkey Twins,1,1
Monster Math Squad,1,1
Monster: The Jeffrey Dahmer Story,1,1
Monty Don's French Gardens,1,1
Monty Python's Flying Circus,1,1
Monty Python: Almost the Truth - The Lawyer's Cut,1,1
Mortel,1,1
Motel Makeover,1,1
Motown Magic,1,1
Move,1,1
Move to Heaven,1,1
Moving Art,1,1
Mr. Iglesias,1,1
"Murder, She Wrote",1,1
Murdoch Mysteries,1,1
My Babysitter's a Vampire,1,1
My Fair Wedding,1,1
My Hotter Half,1,1
My Little Pony: Friendship Is Magic,1,1
My Magic Pet Morphle,1,1
My Next Guest Needs No Introduction with David Letterman,1,1
My Perfect Landing,1,1
My Unorthodox Life,1,1
Mystery Lab,1,1
Mystery Science Theater 3000,1,1
Mystery Science Theater 3000: The Return,1,1
Myth & Mogul: John DeLorean,1,1
NBC Sunday Night Football,1,1
NCIS: Los Angeles,1,1
NCIS: Naval Criminal Investigative Service,1,1
Nabillera,1,1
Nadiya Bakes,1,1
Nailed It!,1,1
Nailed It! France,1,1
Nailed It! Germany,1,1
Nailed It! Holiday!,1,1
Nailed It! Mexico,1,1
Namjachingoo,1,1
Nanatsu no taizai,1,1
Narcos,1,1
Narcos: México,1,1
Narcoworld: Dope Stories,1,1
Naruto,1,1
Naruto SD: Rock Lee no Seishun Full-Power Ninden,1,1
Nasce Uma Rainha,1,1
Nashville,1,1
Necrópolis,1,1
Neo Yokio,1,1
Neoneun Naeui Bom,1,1
Nero a metà,1,1
Netflix Anime,1,1
Never Have I Ever,1,1
New Amsterdam,1,1
New Girl,1,1
Nicky Jam: El Ganador,1,1
Nihon Chinbotsu 2020,1,1
Ninja HattoriKun Returns,1,1
Niquelao!,1,1
Nisman,1,1
No Hay Tiempo Para La Vergüenza,1,1
No te puedes esconder,1,1
Nokdukkot,1,1
Noragami,1,1
Norsemen,1,1
Northernlight,1,1
Nowhere Man,1,1
Numberblocks,1,1
O Crush Perfeito,1,1
O Escolhido,1,1
O Mecanismo,1,1
OCTB,1,1
Odd Squad,1,1
Oggy Oggy,1,1
Oh My Ghost,1,1
Older Sister's Beloved,1,1
Omangwa Pyungyeon,1,1
On Children,1,1
On My Block,1,1
On the Real,1,1
On the Verge,1,1
Once Again,1,1
Once Upon a Time,1,1
One Day at a Time,1,1
One Strange Rock,1,1
Onisciente,1,1
Operation Ouch!,1,1
Orange Is the New Black,1,1
Ore no imouto ga konna ni kawaii wake ga nai,1,1
Orphan Black,1,1
Ossan's Love,1,1
Otto no chinpo ga hairanai,1,1
Otwórz oczy,1,1
Outer Banks,1,1
Outlander,1,1
Ozark,1,1
PJ Masks,1,1
Paava Kadhaigal,1,1
Paboo & Mojies,1,1
Pac-Man and the Ghostly Adventures,1,1
Pacific Heat,1,1
Pacific Rim,1,1
Pajanimals,1,1
Pandalian,1,1
Pandemic: How to Prevent an Outbreak,1,1
Paprika,1,1
Paquita Salas,1,1
Paradise PD,1,1
Paranormal,1,1
Paranormal Survivor,1,1
Party of Five,1,1
Pasta,1,1
Patriot Act with Hasan Minhaj,1,1
Paul Hollywood's Big Continental Road Trip,1,1
Peaky Blinders,1,1
Penguin Town,1,1
Penny Dreadful,1,1
Peppa Pig,1,1
Perfect World,1,1
Pet Stars,1,1
Phuean Hian.. Rongrian Lon,1,1
Piano no Mori,1,1
Pieces of Her,1,1
Piggy Tales,1,1
Pili Fantasy: War of Dragons,1,1
Pinky Malinky,1,1
Plan Coeur,1,1
Poketto monsutâ,1,1
Pokémon Journeys,1,1
Poldark,1,1
Polly Pocket,1,1
Ponysitters Club,1,1
Pooreun Badaui Junsul,1,1
Popples,1,1
Pororo the Little Penguin,1,1
Portlandia,1,1
Pose,1,1
Post Mortem: No One Dies in Skarnes,1,1
Power Players,1,1
Power Rangers Beast Morphers,1,1
Power Rangers Dino Charge,1,1
Power Rangers Megaforce,1,1
Power Rangers Ninja Steel,1,1
Pramface,1,1
Prank Encounters,1,1
Preso No. 1,1,1
Pretty Little Liars,1,1
Prince of Peoria,1,1
Princess Pring,1,1
Prison Break,1,1
Project Mc²,1,1
Psycho-Pass,1,1
Puerta 7,1,1
Puffin Rock,1,1
Pui Pui Molcar,1,1
Pup Academy,1,1
Pusong ligaw,1,1
Q-Force,1,1
QB1: Beyond the Lights,1,1
Queen Sono,1,1
Queen of the South,1,1
Queer Eye,1,1
Queer Eye: Brazil,1,1
Rabbids Invasion,1,1
Ragnarok,1,1
Rainbow High,1,1
Rainbow Ruby,1,1
Raising Dion,1,1
Rake,1,1
Raketsonyeondan,1,1
Rapture,1,1
Ratched,1,1
Ray Donovan,1,1
Re: Mind,1,1
Rea(l)ove,1,1
Real Rob,1,1
Reality Z,1,1
Rebecka Martinsson,1,1
Rebelde,1,1
Rebellion,1,1
Regiment Diaries,1,1
Reign,1,1
Republic of Doyle,1,1
Resident Evil: Infinite Darkness,1,1
Restaurants on the Edge,1,1
Revenge,1,1
Revisions,1,1
Rhyme Time Town,1,1
Rhyme Time Town Singalongs,1,1
Rhythm + Flow,1,1
Rick and Morty,1,1
Ridley Jones,1,1
Rigalhai,1,1
Rita,1,1
Riverdale,1,1
Robot Trains,1,1
Roboti Aniya,1,1
Robozuna,1,1
Rojst,1,1
Roku de nashi majutsu kôshi to akashic records,1,1
Roman Empire,1,1
Rosario Tijeras,1,1
Rotten,1,1
RuPaul's Drag Race All Stars,1,1
RuPaul's Secret Celebrity Drag Race,1,1
Rugal,1,1
Run On,1,1
Rurôni Kenshin: Seisô hen,1,1
Russell Peters Versus the World,1,1
Russian Doll,1,1
Rust Valley Restorers,1,1
Rák Màt-nàk,1,1
S'parta,1,1
S.T.R.O.N.G.,1,1
SKY Castle,1,1
Sa-rang-eui bul-sa-chak,1,1
Sab Jholmaal Hai,1,1
Saborîman Kantarô,1,1
Sacred Games,1,1
Saikometeuri Geunyeoseok,1,1
Saiyuki Reload Blast,1,1
Sakho & Mangane,1,1
Sakura Taisen: The Animation,1,1
Salem,1,1
Salvation,1,1
Samantha!,1,1
Santa Clarita Diet,1,1
Sarah & Duck,1,1
Say I Do,1,1
Scams,1,1
Scare Tactics,1,1
Schitt's Creek,1,1
School Police,1,1
Schulz Saves America,1,1
Scissor Seven,1,1
Scorpion,1,1
Scream,1,1
Secret City,1,1
Secrets of Great British Castles,1,1
See You In Time,1,1
Seinfeld,1,1
Seinto Seiya: Knights of the Zodiac,1,1
Seis Manos,1,1
Seishun Buta Yaro wa Bunny Girl-senpai no Yume wo Minai,1,1
Selection Day,1,1
Selena: The Series,1,1
Selling Sunset,1,1
Sense8,1,1
Serial Killer with Piers Morgan,1,1
Seulgiroun Euisasaenghal,1,1
Seulgirowun Gamppangsaenghwal,1,1
Seutateueob,1,1
Sex Education,1,1
Sex/Life,1,1
Sexify,1,1
Sexy Beasts,2,1
Señora Acero,1,1
Shadow and Bone,1,1
Shadow of Truth,1,1
Shadowhunters: The Mortal Instruments,1,1
Shadowplay,1,1
Shaman King,1,1
Shameless,1,1
Shark,1,1
Sharkdog,1,1
Shaun the Sheep: Adventures from Mossy Bottom,1,1
She,1,1
She's Gotta Have It,1,1
She-Ra and the Princesses of Power,1,1
Shelldon,1,1
Sherlock,1,1
Shigatsu wa kimi no uso,1,1
Shimoneta to Iu gainen ga sonzai shinai taikutsu na sekai,1,1
Shin seiki evangerion,1,1
Shin'ya shokudô: Tokyo Stories,1,1
Shine On with Reese,1,1
Shingeki no kyojin,1,1
Shinya shokudô,1,1
Shirobako,1,1
Shooter,1,1
Shopkins,1,1
Shtisel,1,1
Shumatsu no Izetta,1,1
Shûmatsu nani shitemasu ka? Isogashii desu ka? Sukutte moratte ii desu ka?,1,1
Shûmatsu no Valkyrie,1,1
Sick Note,1,1
Sidonia no Kishi,1,1
Siempre Bruja,1,1
Siffredi Late Night - Hard Academy,1,1
Signal,1,1
Sijipeuseu: The Myth,1,1
Sing On!,1,1
Sing On! Germany,1,1
Singapore Social,1,1
Single Tokyo Man,1,1
Sintonia,1,1
Skin Decision: Before and After,1,1
Skins,1,1
Sky Rojo,1,1
Skylanders Academy,1,1
Slasher,1,1
Sleepless Society: Insomnia,1,1
Sleepless Society: Two Pillows & A Lost Soul,1,1
Slugterra,1,1
Smile PreCure!,1,1
Smile at the Runway,1,1
Smoking,1,1
Smurfs,1,1
Snabba Cash,1,1
Snack World,1,1
Sneakerheads,1,1
Snowpiercer,1,1
So Not Worth It,1,1
Social Currency,1,1
Social Distance,1,1
Some Assembly Required,1,1
Somebody Feed Phil,1,1
Son,1,1
Son of Abish,1,1
Son: The Guest,1,1
Song Exploder,1,1
Sonic Boom,1,1
Sonic Prime,1,1
Sonic X,1,1
Sons of Anarchy,1,1
Sons of the Caliphate,1,1
Sorjonen,1,1
Sotus the Series,1,1
Soupçons,1,1
South Park,1,1
Southern Survival,1,1
Space Force,1,1
Space Racers,1,1
Sparking Joy with Marie Kondo,1,1
Spartacus: Blood and Sand,1,1
Spectros,1,1
Spellbinder,1,1
Spirit Riding Free,1,1
Spirit Riding Free: Pony Tales,1,1
Spirit Riding Free: Riding Academy,1,1
Splatter,1,1
Spotless,1,1
Spriggan,1,1
Spy Kids: Mission Critical,1,1
Squid Game,1,1
Sseulsseulhago Chalranhashin: Dokkaebi,1,1
Staged,1,1
Standup and Away! with Brian Regan,1,1
Star Trek,1,1
Star Trek: Deep Space Nine,1,1
Star Trek: Discovery,1,1
Star Trek: The Next Generation,1,1
Star Trek: Voyager,1,1
Star Wars: The Clone Wars,1,1
StarBeam,1,1
StartUp,1,1
Stay Here,1,1
Steins;Gate,1,1
Steven Universe,1,1
Sthlm Rekviem,1,1
Still 2gether,1,1
Still Game,1,1
Storage Wars Canada,1,1
Stories from Our Future,1,1
StoryBots Super Songs,1,1
Stove League,1,1
Strange Empire,1,1
Stranger Things,1,1
Street Food: Latin America,1,1
Stretch Armstrong & the Flex Fighters,1,1
Strongland,1,1
Stunt Science,1,1
Styling Hollywood,1,1
Suburra - La serie,1,1
Sugar Rush,1,1
Sugar Rush Christmas,1,1
Suits,1,1
Summertime,1,1
Sunderland 'Til I Die,1,1
Sunny Bunnies,1,1
Super Bheem,1,1
Super Crooks,1,1
Super Giant Robot Brothers,1,1
Super Monsters,1,1
Super Monsters Monster Pets,1,1
Super Why!,1,1
Super Wings!,1,1
Super Zach,1,1
Supergirl,1,1
Supernatural,1,1
Superstition,1,1
Surviving Death,1,1
Surviving Summer,1,1
Suzumiya Haruhi no yûutsu,1,1
Swedish Dicks,1,1
Sweet Home,1,1
Sweet Magnolias,1,1
Sweet Tooth,1,1
Sword Art Online,1,1
Sword Art Online Alternative: Gun Gale Online,1,1
TIME: The Kalief Browder Story,1,1
Taco Chronicles,1,1
Taisou Zamurai,1,1
Taj Mahal 1989,1,1
Take My Brother Away,1,1
Takki,1,1
Tales by Light,1,1
Talking Tom and Friends,1,1
Tamiô,1,1
Tarzan and Jane,1,1
Tasty Tales of the Food Truckers,1,1
Tate no Yuusha no Nariagari,1,1
Tattoo Redo,1,1
Tayo the Little Bus,1,1
Team Kaylie,1,1
Teen Titans Go!,1,1
Teen Wolf,1,1
Tengen toppa gurren lagann,1,1
Terrace House: Aloha State,1,1
Terrace House: Boys & Girls in the City,1,1
Terrace House: Opening New Doors,1,1
Terrace House: Tokyo 2019-2020,1,1
Terrorism Close Calls,1,1
TharnType,1,1
That '70s Show,1,1
That Time I Got Reincarnated as a Slime,1,1
The 100,1,1
The 43,1,1
The A List,1,1
The Adventures of Puss in Boots,1,1
The Affair,1,1
The Alienist,1,1
The Amazing World of Gumball,1,1
The American Barbecue Showdown,1,1
The Americans,1,1
The Baby-Sitters Club,1,1
The Big Day,1,1
The Big Family Cooking Showdown,1,1
The Big Flower Fight,1,1
The Blacklist,1,1
The Bletchley Circle,1,1
The Bold Type,1,1
The Boondocks,1,1
The Booth at the End,1,1
The Boss Baby: Back in Business,1,1
The Boulet Brothers' DRAGULA: Search for the World's First Drag Supermonster,1,1
The Bureau of Magical Things,1,1
The Cabin with Bert Kreischer,1,1
The Calling,1,1
The Casketeers,1,1
The Celebrity Plastic Surgeons of Beverly Hills,1,1
The Chair,1,1
The Chef Show,1,1
The Chef in a Truck,1,1
The Chefs Line,1,1
The Chestnut Man,1,1
The Circle,1,1
The Circle: Brazil,1,1
The Circle: French,1,1
The Comedy Lineup,1,1
The Confession Tapes,1,1
The Craving,1,1
The Crown,1,1
The Crown: The Official Podcast,1,1
The Cuphead Show!,1,1
The Daily Life of the Immortal King,1,1
The Deep,1,1
The Degenerates,1,1
The Devil Punisher,1,1
The Disastrous Life of Saiki K.: Reawakened,1,1
The Dragon Prince,1,1
The Drew Barrymore Show,1,1
The Drunk and on Drugs Happy Funtime Hour,1,1
The Empress,1,1
The End of the F***ing World,1,1
The End/Beginning,1,1
The English Game,1,1
The Epic Tales of Captain Underpants,1,1
The Epic Tales of Captain Underpants in Space,1,1
The Expanse,1,1
The Fall,1,1
The Final Table,1,1
The Fix,1,1
The Flash,1,1
The Flemish Bandits,1,1
The Forest of Love: Deep Cut,1,1
The Frankenstein Chronicles,1,1
The Fresh Prince of Bel-Air,1,1
The Get Down,1,1
The Ghost Bride,1,1
The Gift,1,1
The Good Doctor,1,1
The Good Place,1,1
The Good Wife,1,1
The Goop Lab,1,1
The Governor,1,1
The Great Canadian Baking Show,1,1
The Great Interior Design Challenge,1,1
The Haunted House: The Secret of the 'Ghost Ball',1,1
The Healing Powers of Dude,1,1
The Holiday Movies that Made Us,1,1
The Hollow,1,1
The Hollywood Masters,1,1
The Home Edit,1,1
The Honeymoon Stand-Up Special,1,1
The Hour,1,1
The House,1,1
The House Arrest of Us,1,1
The Houseboat,1,1
The IT Crowd,1,1
The Iliza Shlesinger Sketch Show,1,1
The Imperfects,1,1
The InBESTigators,1,1
The Increasingly Poor Decisions of Todd Margaret,1,1
The Inexplicable Universe: Unsolved Mysteries,1,1
The Investigator: A British Crime Story,1,1
The Journalist,1,1
The Judgement,1,1
The Jungle Book,1,1
The Killing,1,1
The Kindness Diaries,1,1
The Kominsky Method,1,1
The Last Kids on Earth,1,1
The Last Kingdom,1,1
The Late Late Show with James Corden,1,1
The Legend of Korra,1,1
The Letdown,1,1
The Letter for the King,1,1
The Liberator,1,1
The Lost Pirate Kingdom,1,1
The Lying Life of Adults,1,1
The Magic School Bus Rides Again,1,1
The Mekong River with Sue Perkins,1,1
The Midnight Gospel,1,1
The Missing,1,1
The Movies That Made Us,1,1
The Mr. Peabody & Sherman Show,1,1
The Musketeers,1,1
The Negotiators,1,1
The Netflix Afterparty,1,1
The New Legends of Monkey,1,1
The Night Watchman's Journal,1,1
The OA,1,1
The Octonauts,1,1
The Ollie & Moon Show,1,1
The One,1,1
The Order,1,1
The Paradise,1,1
The Parisian Agency: Exclusive Properties,1,1
The Pentaverate,1,1
The Platform,1,1
The Politician,1,1
The Principal,1,1
The Protector,1,1
The Punisher,1,1
The Queen,1,1
The Rain,1,1
The Ranch,1,1
The Rational Life,1,1
The Real Housewives of Atlanta,1,1
The Real Housewives of Beverly Hills,1,1
The Real Housewives of New York City,1,1
The Repair Shop,1,1
The Sandman,1,1
The School Nurse Files,1,1
The Shannara Chronicles,1,1
The Silent Sea,1,1
The Sinner,1,1
The Sound of Your Heart Reboot,1,1
The Spectacular Spider-Man,1,1
The Standups,1,1
The Stranded,1,1
The Suite Life of Zack & Cody,1,1
The Surgeon's Cut,1,1
The Talk,1,1
The Thundermans,1,1
The Titan Games,1,1
The Toys That Made Us,1,1
The Tudors,1,1
The Umbrella Academy,1,1
The Underclass,1,1
The Unicorn,1,1
The Unknown: Legend of Exorcist Zhong Kui,1,1
The Unlisted,1,1
The Upshaws,1,1
The Valhalla Murders,1,1
The Vampire Diaries,1,1
The Victims' Game,1,1
The Walking Dead,1,1
The War Next-Door,1,1
The Wave,1,1
The Wedding Coach,1,1
The Weekly with Wendy Mesley,1,1
The Wiggles,1,1
The Windsors,1,1
The Witcher,1,1
The World of the Married,1,1
The World's Most Amazing Vacation Rentals,1,1
The World's Most Extraordinary Homes,1,1
The Worst Witch,1,1
This Is Pop,1,1
Thomas & Friends: All Engines Go!,1,1
Thomas the Tank Engine & Friends,1,1
"Three Wives, One Husband",1,1
Thus Spoke Kishibe Rohan,1,1
Tiffany Haddish Presents: They Ready,1,1
Tiger & Bunny,1,1
Tijuana,1,1
Time to Eat with Nadiya,1,1
Timeless,1,1
Tiny Creatures,1,1
Tiny House Nation,1,1
Tiny Pretty Things,1,1
Titans,1,1
To Serve and Protect,1,1
To aru majutsu no indekkusu,1,1
Toaru Kagaku no Akuserareta,1,1
Tokyo kaiki zake,1,1
Too Hot to Handle,1,1
Too Hot to Handle Brazil,1,1
Toon,1,1
Top Boy,1,1
Top Chef,1,1
Top Gear,1,1
Top Secret UFO Projects: Declassified,1,1
Toradora!,1,1
Torchwood,1,1
Totenfrau,1,1
Touch,1,1
Tower of God,1,1
Towies,1,1
Trailer Park Boys,1,1
Trailer Park Boys: Out of the Park,1,1
Trailer Park Boys: The Animated Series,1,1
Transferts,1,1
Transformers: Cyberverse,1,1
Transformers: Rescue Bots Academy,1,1
Transformers: Robots in Disguise,1,1
Transformers: War for Cybertron,1,1
Trash Truck,1,1
Travelers,1,1
Treehouse Detectives,1,1
Trese,1,1
Trial by Media,1,1
Tribes of Europa,1,1
Trico,1,1
Trigger Warning with Killer Mike,1,1
Trinkets,1,1
Trollhunters,1,1
Trolls: The Beat Goes On!,1,1
Tromba Trem,1,1
Troy: Fall of a City,1,1
True Tunes,1,1
True and the Rainbow Kingdom,1,1
True: Terrific Tales,1,1
Tsuredure Children,1,1
Tuca & Bertie,1,1
Tukabseu,1,1
Turbo FAST,1,1
Twin Peaks,1,1
Twirlywoos,1,1
Twogether,1,1
Tyrant,1,1
Uchi no Maid ga Uzasugiru,1,1
Ugly Delicious,1,1
Uisa Yohan,1,1
Ultimate Beastmaster,1,1
Ultraman,1,1
Ultraviolet,1,1
Uma Musume: Pretty Derby,1,1
Un Bandido Honrado,1,1
Unbreakable Kimmy Schmidt,1,1
Under the Dome,1,1
Undercover,2,1
Une chance de trop,1,1
Unité 42,1,1
Unnatural Selection,1,1
Unsolved,1,1
Unsolved Mysteries,1,1
Until Dawn,1,1
Untitled Ayrton Senna Netflix Project,1,1
Untitled Brazilian Comedy Series,1,1
Untitled Christmas miniseries,1,1
Untitled Lakers Project,1,1
Untitled Netflix/Ciro Guerra Project,1,1
Untitled Spotify Project,1,1
Upin & Ipin,1,1
Use for My Talent,1,1
Utopia,1,1
Uysallar,1,1
V.R. Troopers,1,1
VIP,1,1
Vai Anitta,1,1
Valentino,1,1
Valeria,1,1
Vampire in the Garden,1,1
Vampires,1,1
VeggieTales in the House,1,1
Velhas Amigas,1,1
Versailles,1,1
Vexed,1,1
Video Game High School,1,1
Vikings,1,1
Violetta,1,1
Virgin River,1,1
Vis a vis,1,1
Vivir sin permiso,1,1
Voices of Fire,1,1
Voltron: Legendary Defender,1,1
WISH YOU: Your Melody from My Heart,1,1
WWE's the Bump,1,1
Waffles + Mochi,1,1
Wakfu,1,1
Wanderlust,1,1
Wanted,1,1
Warrior,1,1
Warrior Nun,1,1
Watashi ga Motete Dousunda,1,1
We Are the Brooklyn Saints,1,1
We Are the Champions,1,1
We Baby Bears,1,1
We Bare Bears,1,1
We the People,1,1
"Welcome to Demon-School, Iruma-kun",1,1
Well-Intended Love,1,1
Wentworth,1,1
"Wetten, dass war's..?",1,1
What the Love! with Karan Johar,1,1
Wheel of Fortune,1,1
When Calls the Heart,1,1
When Heroes Fly,1,1
Where on Earth Is Carmen Sandiego?,1,1
White Collar,1,1
White Gold,1,1
Who Killed Malcolm X?,1,1
Why Are You Like This?,1,1
Wielka woda,1,1
Will & Grace,1,1
Winx Club,1,1
Wir sind die Welle,1,1
Wolfblood,1,1
Wonderoos,1,1
Word Party,1,1
Word Party Songs,1,1
Word of Honor,1,1
Workin' Moms,1,1
World of Winx,1,1
World on Fire,1,1
World's Most Wanted,1,1
Wounded: The Battle Back Home,1,1
X-Ray: Selected Satyajit Shorts,1,1
Xia Yi Zhan Shi Xing Fu,1,1
Xiaolin Chronicles,1,1
YG Future Strategy Office,1,1
Yakusoku no Neverland,1,1
Yang guan dao,1,1
Yankee,1,1
Yanxi Palace: Princess Adventures,1,1
Yasuke,1,1
Yeokdoyojeong Gim Bokju,1,1
Yeolhyeolsaje,1,1
Yeowoogakshibyeol,1,1
Yi Guyeokui Michin X,1,1
Yoga Time,1,1
Yojo Senki: Saga of Tanya the Evil,1,1
YooHoo to the Rescue,1,1
You,1,1
You Me Her,1,1
Young Royals,1,1
Young Wallander,1,1
Yowamushi pedaru,1,1
Yu yu hakusho,1,1
Yummy Mummies,1,1
Yungnyong-i Nareusya,1,1
Yuragi-sou no Yuuna-san,1,1
Z Nation,1,1
Zachowaj spokój,1,1
Zbrodnia,1,1
Zenra kantoku,1,1
Zero,1,1
Zero Chill,1,1
Zhen Huan Zhuan,1,1
Zhong ji san guo,1,1
Zhong ji yi ban,1,1
Zig & Sharko,1,1
Znaki,1,1
Zombie Dumb,1,1
Zombieland Saga,1,1
Zona Rosa,1,1
Zone Blanche,1,1
Zoo,1,1
Zumbo's Just Desserts,1,1
iZombie,1,1
¡A cantar!,1,1
¿Quién Mató a Sara?,1,1
Élite,1,1
Ófærð,1,1
Ôkami to kôshinryô,1,1
